{"cameraMode":{"drawMode":0,"name":"Shaded","section":"Shading Mode"},"sceneLighting":true,"audioPlay":false,"sceneViewState":{"m_AlwaysRefresh":false,"showFog":true,"showSkybox":true,"showFlares":true,"showImageEffects":true,"showParticleSystems":true,"showVisualEffectGraphs":true,"m_FxEnabled":true},"in2DMode":false,"pivot":{"x":12.352886199951172,"y":10.673165321350098,"z":-41.91651916503906},"rotation":{"x":-0.012418891303241253,"y":-0.6979900002479553,"z":0.01349699031561613,"w":-0.7165875434875488},"size":17.823287963867189,"orthographic":false}