{"cameraMode":{"drawMode":0,"name":"Shaded","section":"Shading Mode"},"sceneLighting":true,"audioPlay":false,"sceneViewState":{"m_AlwaysRefresh":false,"showFog":true,"showSkybox":true,"showFlares":true,"showImageEffects":true,"showParticleSystems":true,"showVisualEffectGraphs":true,"m_FxEnabled":true},"in2DMode":false,"pivot":{"x":-16.83292007446289,"y":27.900859832763673,"z":25.747772216796876},"rotation":{"x":0.05210927501320839,"y":0.9139596819877625,"z":-0.0790349468588829,"w":0.39823874831199648},"size":10.112751007080079,"orthographic":false}