{"cameraMode":{"drawMode":0,"name":"Shaded","section":"Shading Mode"},"sceneLighting":true,"audioPlay":false,"sceneViewState":{"m_AlwaysRefresh":false,"showFog":true,"showSkybox":true,"showFlares":true,"showImageEffects":true,"showParticleSystems":true,"showVisualEffectGraphs":true,"m_FxEnabled":true},"in2DMode":false,"pivot":{"x":-125.4713134765625,"y":40.946353912353519,"z":-7.193082809448242},"rotation":{"x":0.011030907742679119,"y":-0.45135751366615298,"z":0.005467225797474384,"w":0.8929508924484253},"size":159.28248596191407,"orthographic":false}