{"cameraMode":{"drawMode":0,"name":"Shaded","section":"Shading Mode"},"sceneLighting":true,"audioPlay":false,"sceneViewState":{"m_AlwaysRefresh":false,"showFog":true,"showSkybox":true,"showFlares":true,"showImageEffects":true,"showParticleSystems":true,"showVisualEffectGraphs":true,"m_FxEnabled":true},"in2DMode":false,"pivot":{"x":893.8190307617188,"y":28.301639556884767,"z":-40.0373420715332},"rotation":{"x":0.0542990118265152,"y":-0.001673902734182775,"z":0.0019734944216907026,"w":0.9989392161369324},"size":1629.47216796875,"orthographic":false}