{"cameraMode":{"drawMode":0,"name":"Shaded","section":"Shading Mode"},"sceneLighting":true,"audioPlay":false,"sceneViewState":{"m_AlwaysRefresh":false,"showFog":true,"showSkybox":true,"showFlares":true,"showImageEffects":true,"showParticleSystems":true,"showVisualEffectGraphs":true,"m_FxEnabled":true},"in2DMode":false,"pivot":{"x":123.53143310546875,"y":-379.97979736328127,"z":-427.7572326660156},"rotation":{"x":0.0077575743198394779,"y":0.9555014967918396,"z":-0.2961844503879547,"w":0.022464005276560785},"size":609.5446166992188,"orthographic":false}