{"cameraMode":{"drawMode":0,"name":"Shaded","section":"Shading Mode"},"sceneLighting":true,"audioPlay":false,"sceneViewState":{"m_AlwaysRefresh":false,"showFog":true,"showSkybox":true,"showFlares":true,"showImageEffects":true,"showParticleSystems":true,"showVisualEffectGraphs":true,"m_FxEnabled":true},"in2DMode":false,"pivot":{"x":483.697998046875,"y":337.78643798828127,"z":1670.4051513671875},"rotation":{"x":0.004858255852013826,"y":-0.03534925729036331,"z":-0.0013619322562590242,"w":0.9999078512191773},"size":1555.1885986328125,"orthographic":false}