{"cameraMode":{"drawMode":0,"name":"Shaded","section":"Shading Mode"},"sceneLighting":true,"audioPlay":false,"sceneViewState":{"m_AlwaysRefresh":false,"showFog":true,"showSkybox":true,"showFlares":true,"showImageEffects":true,"showParticleSystems":true,"showVisualEffectGraphs":true,"m_FxEnabled":true},"in2DMode":false,"pivot":{"x":21.238468170166017,"y":17.053356170654298,"z":-42.03839111328125},"rotation":{"x":-0.020045790821313859,"y":0.7802335619926453,"z":-0.026619423180818559,"w":-0.6251283288002014},"size":1.060225248336792,"orthographic":false}