{"cameraMode":{"drawMode":0,"name":"Shaded","section":"Shading Mode"},"sceneLighting":true,"audioPlay":false,"sceneViewState":{"m_AlwaysRefresh":false,"showFog":true,"showSkybox":true,"showFlares":true,"showImageEffects":true,"showParticleSystems":true,"showVisualEffectGraphs":true,"m_FxEnabled":true},"in2DMode":false,"pivot":{"x":1320.1990966796875,"y":710.2798461914063,"z":-2515.26025390625},"rotation":{"x":0.04829069599509239,"y":0.012467162683606148,"z":-0.002036299556493759,"w":0.9993162751197815},"size":148.81820678710938,"orthographic":false}