{"cameraMode":{"drawMode":0,"name":"Shaded","section":"Shading Mode"},"sceneLighting":true,"audioPlay":false,"sceneViewState":{"m_AlwaysRefresh":false,"showFog":true,"showSkybox":true,"showFlares":true,"showImageEffects":true,"showParticleSystems":true,"showVisualEffectGraphs":true,"m_FxEnabled":true},"in2DMode":false,"pivot":{"x":839.5000610351563,"y":638.1277465820313,"z":-1637.7498779296875},"rotation":{"x":0.04533592611551285,"y":-0.026504959911108018,"z":-0.00022607836581300944,"w":0.999183177947998},"size":148.81820678710938,"orthographic":false}