{"cameraMode":{"drawMode":0,"name":"Shaded","section":"Shading Mode"},"sceneLighting":false,"audioPlay":false,"sceneViewState":{"m_AlwaysRefresh":false,"showFog":true,"showSkybox":false,"showFlares":true,"showImageEffects":true,"showParticleSystems":true,"showVisualEffectGraphs":true,"m_FxEnabled":true},"in2DMode":false,"pivot":{"x":128.3627166748047,"y":49.10499954223633,"z":-174.15737915039063},"rotation":{"x":-0.03323543071746826,"y":-0.08297261595726013,"z":0.0022962773218750955,"w":-0.9962650537490845},"size":10.865769386291504,"orthographic":false}